"custom_land_id","commune_code","cog"
"SCOT_SAINT_QUENTINOIS","02639","2024"
"SCOT_SAINT_QUENTINOIS","02732","2024"
"SCOT_SAINT_QUENTINOIS","02123","2024"
"SCOT_SAINT_QUENTINOIS","02605","2024"
"SCOT_SAINT_QUENTINOIS","02446","2024"
"SCOT_SAINT_QUENTINOIS","02075","2024"
"SCOT_SAINT_QUENTINOIS","02149","2024"
"SCOT_SAINT_QUENTINOIS","02592","2024"
"SCOT_SAINT_QUENTINOIS","02741","2024"
"SCOT_SAINT_QUENTINOIS","02170","2024"
"SCOT_SAINT_QUENTINOIS","02287","2024"
"SCOT_SAINT_QUENTINOIS","02380","2024"
"SCOT_SAINT_QUENTINOIS","02009","2024"
"SCOT_SAINT_QUENTINOIS","02532","2024"
"SCOT_SAINT_QUENTINOIS","02124","2024"
"SCOT_SAINT_QUENTINOIS","02640","2024"
"SCOT_SAINT_QUENTINOIS","02648","2024"
"SCOT_SAINT_QUENTINOIS","02387","2024"
"SCOT_SAINT_QUENTINOIS","02184","2024"
"SCOT_SAINT_QUENTINOIS","02575","2024"
"SCOT_SAINT_QUENTINOIS","02813","2024"
"SCOT_SAINT_QUENTINOIS","02775","2024"
"SCOT_SAINT_QUENTINOIS","02066","2024"
"SCOT_SAINT_QUENTINOIS","02717","2024"
"SCOT_SAINT_QUENTINOIS","02552","2024"
"SCOT_SAINT_QUENTINOIS","02345","2024"
"SCOT_SAINT_QUENTINOIS","02483","2024"
"SCOT_SAINT_QUENTINOIS","02756","2024"
"SCOT_SAINT_QUENTINOIS","02306","2024"
"SCOT_SAINT_QUENTINOIS","02721","2024"
"SCOT_SAINT_QUENTINOIS","02636","2024"
"SCOT_SAINT_QUENTINOIS","02503","2024"
"SCOT_SAINT_QUENTINOIS","02257","2024"
"SCOT_SAINT_QUENTINOIS","02359","2024"
"SCOT_SAINT_QUENTINOIS","02571","2024"
"SCOT_SAINT_QUENTINOIS","02549","2024"
"SCOT_SAINT_QUENTINOIS","02691","2024"
"SCOT_SAINT_QUENTINOIS","02367","2024"
"SCOT_SAINT_QUENTINOIS","02340","2024"
"SCOT_SAINT_QUENTINOIS","02303","2024"
"SCOT_SAINT_QUENTINOIS","02659","2024"
"SCOT_SAINT_QUENTINOIS","02694","2024"
"SCOT_SAINT_QUENTINOIS","02025","2024"
"SCOT_SAINT_QUENTINOIS","02310","2024"
"SCOT_SAINT_QUENTINOIS","02371","2024"
"SCOT_SAINT_QUENTINOIS","02288","2024"
"SCOT_SAINT_QUENTINOIS","02815","2024"
"SCOT_SAINT_QUENTINOIS","02315","2024"
"SCOT_SAINT_QUENTINOIS","02319","2024"
"SCOT_SAINT_QUENTINOIS","02320","2024"
"SCOT_SAINT_QUENTINOIS","02710","2024"
"SCOT_SAINT_QUENTINOIS","02142","2024"
"SCOT_SAINT_QUENTINOIS","02246","2024"
"SCOT_SAINT_QUENTINOIS","02481","2024"
"SCOT_SAINT_QUENTINOIS","02383","2024"
"SCOT_SAINT_QUENTINOIS","02322","2024"
"SCOT_SAINT_QUENTINOIS","02117","2024"
"SCOT_SAINT_QUENTINOIS","02726","2024"
"SCOT_SAINT_QUENTINOIS","02525","2024"
"SCOT_SAINT_QUENTINOIS","02199","2024"
"SCOT_SAINT_QUENTINOIS","02637","2024"
"SCOT_SAINT_QUENTINOIS","02397","2024"
"SCOT_SAINT_QUENTINOIS","02459","2024"
"SCOT_SAINT_QUENTINOIS","02420","2024"
"SCOT_SAINT_QUENTINOIS","02019","2024"
"SCOT_SAINT_QUENTINOIS","02273","2024"
"SCOT_SAINT_QUENTINOIS","02752","2024"
"SCOT_SAINT_QUENTINOIS","02570","2024"
"SCOT_SAINT_QUENTINOIS","02214","2024"
"SCOT_SAINT_QUENTINOIS","02504","2024"
"SCOT_SAINT_QUENTINOIS","02032","2024"
"SCOT_SAINT_QUENTINOIS","02330","2024"
"SCOT_SAINT_QUENTINOIS","02112","2024"
"SCOT_SAINT_QUENTINOIS","02702","2024"
"SCOT_SAINT_QUENTINOIS","02100","2024"
"SCOT_SAINT_QUENTINOIS","02776","2024"
"SCOT_SAINT_QUENTINOIS","02030","2024"
"SCOT_SAINT_QUENTINOIS","02618","2024"
"SCOT_SAINT_QUENTINOIS","02402","2024"
"SCOT_SAINT_QUENTINOIS","02143","2024"
"SCOT_SAINT_QUENTINOIS","02808","2024"
"SCOT_SAINT_QUENTINOIS","02095","2024"
"SCOT_SAINT_QUENTINOIS","02703","2024"
"SCOT_SAINT_QUENTINOIS","02352","2024"
"SCOT_SAINT_QUENTINOIS","02355","2024"
"SCOT_SAINT_QUENTINOIS","02511","2024"
"SCOT_SAINT_QUENTINOIS","02343","2024"
"SCOT_SAINT_QUENTINOIS","02390","2024"
"SCOT_SAINT_QUENTINOIS","02392","2024"
"SCOT_SAINT_QUENTINOIS","02323","2024"
"SCOT_SAINT_QUENTINOIS","02451","2024"
"SCOT_SAINT_QUENTINOIS","02144","2024"
"SCOT_SAINT_QUENTINOIS","02029","2024"
"SCOT_SAINT_QUENTINOIS","02452","2024"
"SCOT_SAINT_QUENTINOIS","02061","2024"
"SCOT_SAINT_QUENTINOIS","02658","2024"
"SCOT_SAINT_QUENTINOIS","02747","2024"
"SCOT_SAINT_QUENTINOIS","02270","2024"
"SCOT_SAINT_QUENTINOIS","02060","2024"
"SCOT_SAINT_QUENTINOIS","02708","2024"
"SCOT_SAINT_QUENTINOIS","02614","2024"
"SCOT_SAINT_QUENTINOIS","02615","2024"
"SCOT_SAINT_QUENTINOIS","02334","2024"
"SCOT_SAINT_QUENTINOIS","02317","2024"
"SCOT_SAINT_QUENTINOIS","02370","2024"
"SCOT_SAINT_QUENTINOIS","02374","2024"
"SCOT_SAINT_QUENTINOIS","02065","2024"
"SCOT_SAINT_QUENTINOIS","02785","2024"
"SCOT_SAINT_QUENTINOIS","02426","2024"
"SCOT_SAINT_QUENTINOIS","02063","2024"
"SCOT_SAINT_QUENTINOIS","02382","2024"
"SCOT_SAINT_QUENTINOIS","02782","2024"
"SCOT_SAINT_QUENTINOIS","02500","2024"
"SCOT_SAINT_QUENTINOIS","02296","2024"
"SCOT_SAINT_QUENTINOIS","02774","2024"
"SCOT_SAINT_QUENTINOIS","02709","2024"
"SCOT_SAINT_QUENTINOIS","02635","2024"
"SCOT_SAINT_QUENTINOIS","02772","2024"
"SCOT_SAINT_QUENTINOIS","02293","2024"
"SCOT_SAINT_QUENTINOIS","02417","2024"
"SCOT_SAINT_QUENTINOIS","02327","2024"
"SCOT_SAINT_QUENTINOIS","02240","2024"
"SCOT_SAINT_QUENTINOIS","02057","2024"
"SCOT_SAINT_QUENTINOIS","02291","2024"
"SCOT_SAINT_QUENTINOIS","02539","2024"
